passenger_id;passenger_name
7218 734391;MARINA AKIMOVA
5253 975587;NIKOLAY SCHERBAKOV
0752 356904;ALEKSANDR IVANOV
5636 647994;YULIYA KONDRATEVA
1100 797825;ALEKSEY KOZLOV
9149 744993;ANASTASIYA KOLESNIKOVA
8920 719749;MARIYA GRISHINA
8816 212873;SERGEY TARASOV
0900 902719;DMITRIY VOROBEV
7231 562447;IGOR DENISOV
3154 124583;BORIS KOROLEV
0659 341601;ALEKSANDR EGOROV
0522 829825;VLADIMIR SEMENOV
2340 565115;MIKHAIL MAKAROV
8893 591901;LARISA SOROKINA
0142 506468;ALEKSEY KUZMIN
3473 787123;ALEKSANDRA KUZNECOVA
3288 896067;ALEKSANDR SEMENOV
5268 874471;ELENA FROLOVA
0853 863363;GALINA OVCHINNIKOVA
6407 413165;VARVARA KUZNECOVA
4759 084131;OLGA KOROLEVA
1880 199136;VIKTOR MOROZOV
5899 941109;ALEKSANDR DMITRIEV
4661 736305;GALINA VOROBEVA
7563 312093;LEYLA MOISEEVA
3784 424818;SERGEY TIKHONOV
4543 564809;ANZHELA TARASOVA
1046 001570;NIKOLAY DAVYDOV
1176 657539;IRINA MOROZOVA
4372 898504;NATALYA NIKITINA
8804 438555;YURIY SMIRNOV
3923 163274;KRISTINA ILINA
2194 642028;ANDREY ABRAMOV
2699 118919;VLADISLAV GRIGOREV
0026 908964;KONSTANTIN IVANOV
9879 034490;ANTONINA MOISEEVA
4693 173383;SABINA VOLKOVA
8282 396170;OKSANA DMITRIEVA
8289 040214;TATYANA OVCHINNIKOVA
6851 022279;NADEZHDA FILIPPOVA
8722 165592;ANNA SOLOVEVA
7793 371539;ANASTASIYA SOKOLOVA
3548 230043;MIKHAIL MELNIKOV
0065 029698;ANATOLIY MAKSIMOV
3780 257163;LYUDMILA CHERNOVA
1858 696642;ANASTASIYA FROLOVA
7662 447063;EVGENIY KAZAKOV
8288 318340;OLGA NIKITINA
1005 565972;DMITRIY FROLOV
0245 766802;VIKTOR VOROBEV
5851 682376;SERGEY SOLOVEV
5424 746201;ANDREY ISAEV
1326 152630;SERGEY POPOV
7380 804686;DANIIL GRIGOREV
7107 552382;ANDREY IVANOV
1185 891780;EKATERINA ABRAMOVA
7812 237964;ALEKSANDR ANTONOV
5966 152015;NINA LUKYANOVA
3854 444104;PAVEL IVANOV
0610 003983;ANDREY MELNIKOV
9384 845952;MARIYA ZAKHAROVA
4535 856250;NATALYA MIKHAYLOVA
4030 910055;INNA TIKHONOVA
4403 623174;LYUDMILA MOROZOVA
6515 169797;ALEKSANDRA NIKOLAEVA
1412 796741;YULIYA NESTEROVA
0882 000320;ANATOLIY RODIONOV
1311 963380;VALENTIN VLASOV
5905 883724;ANNA MIKHAYLOVA
8290 355493;SOFYA SOLOVEVA
8699 846152;IVAN GRIGOREV
8506 806019;NIKITA NIKITIN
4310 637566;SOFIYA MALYSHEVA
5865 418739;MAKSIM GERASIMOV
2711 447688;ALEKSANDR NIKOLAEV
3302 649726;ANATOLIY TARASOV
2261 760295;SERGEY MAKAROV
5611 658671;YURIY STEPANOV
9317 004886;VASILIY IVANOV
8404 537828;TATYANA DAVYDOVA
6893 276952;NINA ROMANOVA
1061 210911;VYACHESLAV IVANOV
9987 563869;TATYANA VASILEVA
9561 476223;EKATERINA SIDOROVA
1928 987989;SERGEY KOROLEV
0246 496199;DMITRIY VOLKOV
0477 749042;ANTON ZAKHAROV
3728 990266;SERGEY IVANOV
2674 852942;DENIS VASILEV
9895 223118;ANATOLIY KUZNECOV
1979 829513;OLGA KRASNOVA
1032 584582;VALENTINA FEDOROVA
6462 196391;IRINA SAVELEVA
4310 134024;ANATOLIY SHEVCHENKO
8945 040782;IRINA ABRAMOVA
4613 190409;YULIYA VASILEVA
